id,session_id,created_at,call_type,recorded_filename,direct_pesq,pstn_pesq,volte_pesq,voip_pesq
b7a24dfc-0aa3-4994-acc8-2a268b6a14b0,bea560bc-d077-4e0c-97c8-f1191d19a842,2026-06-19 11:32:29.049626+05:30,device,webrtc_recording.wav,2.7160,3.5760,2.7230,2.6710
6d8c42fa-0562-40bd-adb4-cd5de4e0dbbd,,2026-06-19 11:18:58.045504+05:30,device,webrtc_recording.wav,2.6700,3.5960,2.7040,2.6750
69858406-611e-4ee6-9c83-2da9e8126d86,032d7e6a-4afb-4b12-85f9-ea6ec447bf1b,2026-06-19 10:15:44.541312+05:30,device,webrtc_recording.wav,1.0910,1.2540,1.0730,1.0980
69e740b8-feb8-4349-b907-e5f177a880db,f4ff1fe7-03c5-4efb-9582-95fe55de4d5b,2026-06-19 09:53:16.931952+05:30,device,webrtc_recording.wav,1.6290,2.5000,1.6600,1.7150
a0527466-66a1-4175-9e22-38c5aad62954,fdd335a9-40f0-4eb4-b93b-062a159a094a,2026-06-19 09:47:57.182805+05:30,device,webrtc_recording.wav,1.1400,1.3750,1.1400,1.1750
f4df46ac-892d-405f-9a6f-5d2bc74fde2f,4811dfd7-977a-4a73-b8cd-d124d50c6e54,2026-06-19 09:45:08.467610+05:30,device,webrtc_recording.wav,1.1190,1.2580,1.1140,1.1090
f6ac5355-9744-4eba-9b96-d735c7092116,f7bfee21-f834-4d16-9a6f-79c0b0c7afe4,2026-06-19 09:41:33.772854+05:30,device,webrtc_recording.wav,1.5840,2.6090,1.5930,1.5770
3130e77e-4ba6-48fe-b21a-478eb51f4985,7abdbf8c-e9de-4d75-a35b-26e63dfa6a7b,2026-06-19 09:19:10.740334+05:30,device,webrtc_recording.wav,1.1500,1.3220,1.1530,1.1530
f81f56e0-ff2f-48a9-82d8-1dd13efb247f,86c270d9-e0b0-46e2-9c65-acd95bc55802,2026-06-19 09:16:20.796226+05:30,device,webrtc_recording.wav,1.0920,1.2690,1.1050,1.0950
d6c9857e-8237-4967-a81d-026bcf8e12f4,7998021d-fa6e-45f7-9c35-824c0bbd1e32,2026-06-19 09:11:47.240602+05:30,device,webrtc_recording.wav,1.0410,1.1610,1.0540,1.0490
fd734184-a840-44fb-b4a8-0623a5a97bf1,f96485d7-aed4-49c0-be3b-4fa5d6dccbb2,2026-06-19 09:03:01.736675+05:30,device,webrtc_recording.wav,1.3630,1.1890,1.3740,1.3090
db178ff9-bfee-48a9-bfb7-f3815fcfdfd4,bd51fbc2-1cf3-422a-b3c0-c481f7ea8582,2026-06-19 09:00:07.431622+05:30,device,webrtc_recording.wav,2.1220,3.1880,2.1290,2.1290
22c376f5-95d1-46e6-b357-3e00680a6330,8d58ddec-fdbe-4c21-9ff3-203cb61b1716,2026-06-19 08:58:54.602333+05:30,device,webrtc_recording.wav,1.1420,1.6620,1.1480,1.1500
76a2e085-bf61-4155-a418-a7e84703d6cc,29e8e0ee-aa5d-4cdd-9e81-ac7daa14f5fa,2026-06-19 08:56:29.499152+05:30,device,webrtc_recording.wav,1.7260,2.1640,1.7020,1.6980
7c9a6c3c-c9a9-4d80-a53c-a7e770f3f59f,29e8e0ee-aa5d-4cdd-9e81-ac7daa14f5fa,2026-06-19 08:52:50.998806+05:30,device,webrtc_recording.wav,2.3790,3.3380,2.4490,2.4060
f4b3ca62-76e6-44bb-8179-f1c21dab7f69,2ee8c36b-ce47-4041-a173-e70486294001,2026-06-19 08:43:28.874800+05:30,device,webrtc_recording.wav,2.2020,3.2670,2.1880,2.1980
fc4baa0e-e09c-41df-9606-e74ff364f98e,180965ba-7189-49f9-9ca1-051511072cd6,2026-06-19 08:38:06.606341+05:30,device,webrtc_recording.wav,1.9060,2.9730,1.9080,1.8770
4855f885-3f9f-425b-b963-25abb279cc13,99c514cc-0d76-4580-85c3-e08fdea6da6a,2026-06-13 02:13:50.371330+05:30,device,webrtc_recording.wav,2.4890,3.4000,2.4930,2.4320
723d36ac-90e6-4793-954c-f576b87b0b39,e56a0d5a-3c6f-4052-ab24-e769b3f5948d,2026-06-13 02:02:57.801019+05:30,device,webrtc_recording.wav,1.6660,2.3160,1.6710,1.6540
63da3ac5-17a5-4ef6-90c1-ec3bdd58e84e,60713492-7f7e-4936-9e0e-4c70a56f6cc6,2026-06-13 02:02:14.146549+05:30,device,webrtc_recording.wav,1.2840,2.4070,1.3160,1.4070
ed05d947-f7ce-45f6-a17b-3bd4e4638ae3,ebd83524-05b7-4634-9ebe-9d1a9c7927e1,2026-05-29 07:36:23.421835+05:30,device,webrtc_recording.wav,1.9010,2.5550,1.9080,1.9270
0c23f830-18d2-4efb-8a87-79aa8c1be65c,a35426a9-4046-4623-9c37-82ddd6c3c132,2026-05-28 13:43:45.854192+05:30,device,webrtc_recording.wav,2.5040,3.4420,2.5140,2.4660
a17c8344-cb69-435f-a270-8486c20a7b0a,ea1d7fb8-bbf5-4669-89ee-acba95552c6f,2026-05-22 00:03:43.476902+05:30,device,webrtc_recording.wav,1.9870,3.2980,2.0050,1.9990
0d2a1286-0c99-48c0-98fb-7145565e2ae5,344103e2-2694-4787-902c-275e7afc272e,2026-05-14 22:35:45.026406+05:30,device,webrtc_recording.wav,1.1550,1.9820,1.1580,1.1790
cb1f4728-6789-40c9-82bb-3f0046da8384,924ca77b-7579-4d3d-b3c6-639cc1f7526a,2026-05-12 15:00:31.156706+05:30,device,webrtc_recording.wav,1.5270,2.4170,1.5330,1.5250
4e22bb79-b357-4f97-831e-50c7a7effc43,42149623-7bb5-48de-901d-2b889dd14739,2026-05-11 12:14:18.914838+05:30,device,webrtc_recording.wav,1.2500,2.1120,1.2660,1.2970
bf1cef87-7505-4716-be40-6b168df1c34b,81c6a68f-fe71-470a-bfd9-1a4a4ac97eb4,2026-05-11 12:04:18.287457+05:30,device,webrtc_recording.wav,1.0450,1.0940,1.0500,1.0560
10689ac8-c0c0-42e4-bbef-46705d91ff97,bdc7c326-ac31-47c8-ad66-f146e4d3d972,2026-05-11 12:03:52.033135+05:30,device,webrtc_recording.wav,1.8960,2.5290,1.9000,1.9100
82725e6e-b79a-42e5-8c76-ec8a293eb777,d700b196-02bd-4eb1-9a06-0723fe920b94,2026-05-11 12:00:05.431628+05:30,device,webrtc_recording.wav,2.3480,3.2120,2.3560,2.3430
0d4cf518-bc30-437d-83ac-a01aac8f28c1,8293dd88-ed47-4f8a-89a6-feaca8c06dfe,2026-04-30 12:46:23.178401+05:30,device,webrtc_recording.wav,1.6060,2.8620,1.7120,1.6900
d080157c-30f5-45ec-9420-c5bf2b57c09e,715138af-1c0b-41ef-adbe-0fc66777c33c,2026-04-26 14:20:18.599903+05:30,device,webrtc_recording.wav,1.0350,1.1300,1.0440,1.0410
827448be-a1bb-411e-9f00-1a8ca5a48597,7b65f0af-2ca1-4e7a-a322-a6d0cdec48d5,2026-04-17 23:40:30.960666+05:30,device,webrtc_recording.wav,1.1510,2.0440,1.1600,1.1620
c1ec9ea9-616c-4f12-a2c3-8e5c7665ec7f,2b347322-a632-45c4-b5be-10500f077de5,2026-04-11 14:22:49.176506+05:30,device,webrtc_recording.wav,1.0480,1.0930,1.0470,1.0410
519f3296-adf4-4e14-b2ce-5f6c6a11fe3a,c66ab190-219a-4631-be93-711a9d479022,2026-04-11 14:21:52.808039+05:30,device,webrtc_recording.wav,2.1140,3.0440,2.1170,2.0990
c004cc81-0f4a-4570-aaa9-97b5e182259a,1e7ba624-a5c7-4304-8d65-df6cbd4a175f,2026-04-11 14:11:49.737556+05:30,device,webrtc_recording.wav,1.4410,1.9780,1.3020,1.5570
b6e9b01f-488d-48b6-beb0-3899b6344d83,0def364a-72c3-4c06-8708-7f9b7100816a,2026-04-11 13:39:45.985862+05:30,device,webrtc_recording.wav,1.6590,1.6110,1.2190,1.9470
0d9773b7-4bb7-404b-9e7c-454b990928c9,58b9ca61-b6c9-4e38-a1f2-905595ee6f67,2026-04-11 13:31:50.048481+05:30,device,webrtc_recording.wav,1.7440,1.9320,1.7020,1.7480
042116f1-5d0f-42eb-87cc-c1e0258e4a8f,a92c7eb7-3993-4b8d-98f6-e10af152437f,2026-04-11 13:31:05.902269+05:30,device,webrtc_recording.wav,1.6300,2.2690,1.6350,1.6550
28270063-0faa-45c0-a377-fe452551ce14,7b883cfa-728f-4155-9a7b-23d47706dd07,2026-04-11 13:28:14.795041+05:30,device,webrtc_recording.wav,1.2420,1.4210,1.2440,1.1260
74cb2372-616c-4e23-a50e-52fae989a783,a21828af-33ef-4266-b10c-7168bbb42942,2026-04-11 13:21:25.684496+05:30,device,webrtc_recording.wav,1.1420,1.6740,1.1450,1.1350
3978572e-bf8c-4581-b277-1ae3f0b17035,4534d633-931c-4764-b48e-1d2561e7d765,2026-04-11 13:20:32.103075+05:30,device,webrtc_recording.wav,1.4980,1.7860,1.3390,1.4300
d5ac5960-0c1c-4b3f-a8f8-e6f5e5f74cab,e546e78d-e59d-4d9b-8d98-9bde99b7f240,2026-04-11 13:18:04.014470+05:30,device,webrtc_recording.wav,1.2860,1.8040,1.2630,1.3170
85bcf995-62cc-4353-a130-27a254345364,4bcbdd44-ca83-4766-b7c5-ad3c89f17361,2026-04-11 13:14:33.129007+05:30,device,webrtc_recording.wav,1.1720,1.4870,1.2050,1.2380
e16b0cf8-c142-4f9d-b1d3-02feb6c14736,09e3c01a-2c68-4321-bdc3-bd0d34f1d01e,2026-04-11 12:59:48.621966+05:30,device,webrtc_recording.wav,1.2160,1.7970,1.2200,1.2200
ad97892a-7740-4c93-b925-b7308a6650e2,b7e2353f-0dae-41f3-94e6-75c24005b1f4,2026-04-11 12:59:34.657441+05:30,device,webrtc_recording.wav,1.1710,1.6090,1.1770,1.1660
daef6afa-9c8e-410a-abf7-7ad43331fbb7,94d87768-7355-469b-be35-21657d674efb,2026-04-11 12:52:15.188337+05:30,device,webrtc_recording.wav,1.9560,2.7930,1.9540,1.9360
a5d88b71-fdfc-458e-afd7-abdac90f1a6d,667f454f-a38a-4c43-bef5-6ca03e0966ce,2026-04-11 12:34:16.481636+05:30,device,webrtc_recording.wav,1.3970,2.0510,1.3500,1.3910
e3265c37-bdfa-4d81-99a9-83806c24d33b,8f892948-4e30-49ba-a341-9ccfffc194dc,2026-04-11 12:20:33.865877+05:30,device,webrtc_recording.wav,1.0850,1.2220,1.0870,1.0970
b2815df3-dc5d-4c6e-98d8-fb2ae6c07c95,13cb9e25-a74f-4bed-b407-30edfdc44125,2026-04-11 12:13:07.697022+05:30,device,webrtc_recording.wav,1.7550,1.2580,1.8540,1.0920
d5db90be-c49b-4d65-91c2-91450a59013f,091145f9-479c-4cec-aa50-a8a0b8c2820d,2026-04-11 12:09:51.867292+05:30,device,webrtc_recording.wav,1.2630,1.5320,1.2200,1.2290
aef89be2-b54a-41fa-a58c-252059d1cae2,56f7bad1-7687-4e9d-adea-639e679a15f4,2026-04-11 11:46:55.841473+05:30,device,webrtc_recording.wav,2.3730,3.2340,2.3790,2.3270
9a82ad45-2c0c-43b4-96e4-958dfd1be21d,88d74970-8a57-434c-a175-24a1967d5e56,2026-04-11 10:54:24.926520+05:30,device,webrtc_recording.wav,2.1290,2.7760,2.1330,2.1250
8cfd417a-80d6-4204-b7db-6126e6718c50,,2026-04-11 10:53:29.879159+05:30,device,webrtc_recording.wav,1.2020,1.3650,1.1200,1.1510
02c08dc5-324c-4495-954a-81cd15bd6920,,2026-04-11 10:52:33.891600+05:30,device,webrtc_recording.wav,1.2720,1.9180,1.2830,1.2530
ab86c910-21c2-419d-b7d2-b358be12507a,ffe829a0-14a8-4c6d-9818-de9de84d91fb,2026-04-11 10:36:39.412636+05:30,device,webrtc_recording.wav,1.8140,2.4810,1.8240,1.8500
6ccc4512-3a54-4ac5-b62b-a02280058dd0,4797a6be-e517-4676-80ad-1c1987f70c53,2026-04-11 10:30:54.178939+05:30,device,webrtc_recording.wav,1.4590,2.3040,1.4690,1.4520
dd6a4f27-5ba7-40e3-b46f-a7f1347bb8f0,fcc1f050-75f7-4cb5-bc8f-9e60ff3d03bd,2026-04-11 10:10:56.565807+05:30,device,webrtc_recording.wav,1.4240,2.0710,1.4290,1.4810
e26c1d0f-2327-4893-add6-b5b373da4345,90128a07-935c-468a-8559-e900f9aa22c4,2026-04-11 08:42:43.113870+05:30,device,webrtc_recording.wav,2.2080,3.3680,2.2360,2.2430
25150c69-9ee0-4d6e-bba5-77a80c99863a,42d1fba9-194d-4706-8b55-02f068c9e5b8,2026-04-11 08:33:40.856173+05:30,device,webrtc_recording.wav,1.1930,2.2280,1.1950,1.1910
e942ac59-0333-4627-acd7-893924fed84f,8d83eee2-1212-4444-8cdd-513516dcb34e,2026-04-11 08:24:57.241157+05:30,device,webrtc_recording.wav,1.1280,1.7700,1.1320,1.1310
de76e221-86c4-497a-8ca5-bcb3d9eed2b0,d2dce1ea-6ccf-4331-adcb-3ff169dbe821,2026-04-11 00:07:18.447748+05:30,device,webrtc_recording.wav,1.4160,2.0850,1.4350,1.4560
09f36456-48a1-43a9-8fdb-462dffdac455,16ae3016-d712-4592-94b6-3c0949b1259b,2026-04-10 23:20:21.669037+05:30,device,webrtc_recording.wav,1.3150,2.3640,1.3280,1.3510
3674a34f-fb02-45d3-998a-3e46f814e5b3,c177a8c1-9e0d-4327-b7f9-0863c9211865,2026-04-10 21:16:37.358291+05:30,device,webrtc_recording.wav,1.0590,1.2810,1.0600,1.0510
6e7e9436-5d67-4765-9c6f-109047925c0c,7e38c81c-7f52-41dd-9572-37aab9e86290,2026-04-10 21:02:55.607743+05:30,device,webrtc_recording.wav,1.0640,1.5450,1.6180,1.5740
6d7a359d-7cf3-419e-890b-1927108199bb,35233cec-0ede-41df-9665-468821f6a866,2026-04-10 17:42:35.734931+05:30,device,webrtc_recording.wav,1.4750,2.1160,1.4780,1.8390
68994ed2-1cd5-42b8-84bf-11ee31c8ccab,b03c45a6-cdf1-4cb6-930a-cdedd65c3040,2026-04-10 17:34:02.831880+05:30,device,webrtc_recording.wav,1.3280,1.7920,1.1210,1.1600
dce4c81f-9f7e-4f4a-b015-07ed2177a90c,93cf0d0c-1d58-4e62-848c-c39c7e4dd420,2026-04-10 13:55:22.203593+05:30,device,webrtc_recording.wav,1.4390,3.0110,1.4470,1.4410
87c7b72c-49e3-40ef-81b5-7d337d06c223,af6d06b5-68e2-41a5-b5b8-4ea2c9936789,2026-04-10 13:48:09.409196+05:30,device,webrtc_recording.wav,2.2190,3.0530,2.2270,2.2460
d75cd5ba-d142-48ac-816c-b3990b7fc3cb,,2026-04-10 11:03:33.859308+05:30,simulated,,,4.3740,4.5870,4.4120
f898e376-b05d-4fdd-9bc7-81f632b29841,92d3c831-6ca0-4030-b354-7bf8524de71c,2026-04-10 10:55:43.607407+05:30,device,webrtc_recording.wav,1.8470,3.2940,1.8810,1.8700
d466901f-5ff6-477d-b7e1-862b8315e957,831e0c70-66d8-490b-b445-a93193b47fef,2026-04-10 10:34:16.145071+05:30,device,webrtc_recording.wav,1.6750,2.9860,1.6990,1.7120
fe3574c1-42ac-49f7-94a3-d5e843b484cb,831e0c70-66d8-490b-b445-a93193b47fef,2026-04-10 09:18:52.975927+05:30,device,webrtc_recording.wav,1.1920,2.3690,1.2020,1.2010
10300fab-07e9-4db6-9873-8fa21721ebf3,451a8764-3c88-476f-8341-0a1b3bd725bc,2026-04-10 09:06:15.085461+05:30,device,webrtc_recording.wav,1.8250,2.4470,1.8360,1.8830
b29099a7-0546-44ec-afea-afed6771a404,ef817d7a-6dc0-4ea8-8013-06061398f0c4,2026-04-10 08:39:20.278825+05:30,device,webrtc_recording.wav,1.1790,2.2530,1.1810,1.1790
4b8c820c-cd9d-4a88-a71c-18b9f6af603e,7524cbb6-20c1-4243-9b6f-50c2606ba855,2026-04-09 22:50:02.632295+05:30,device,webrtc_recording.wav,1.3350,1.9820,1.3490,1.3450
9db2e858-6a39-4561-a350-bc05e987a325,5b4238d2-4245-4b0d-929a-81d3e7ab34e0,2026-04-09 21:11:38.772070+05:30,device,webrtc_recording.wav,1.9250,2.9910,1.9410,1.9750
c14aeee6-643b-4f6f-8ecd-e21faf767969,8f189016-ba13-438a-9ea7-129c565b338e,2026-04-09 19:17:18.960276+05:30,device,webrtc_recording.wav,1.5960,2.3740,1.5970,1.6320
94234f4a-333d-4f3f-95bc-45430fba34f0,cbda3848-8e8d-4e20-8dc0-41191e1de7fd,2026-04-09 19:10:01.370233+05:30,device,webrtc_recording.wav,2.2100,3.0290,2.2300,2.2230
ca9ea3da-28b8-4522-8feb-90733e86ddbb,0cb95eb4-015c-4c34-914c-d52ac9c55692,2026-04-08 13:45:57.782152+05:30,device,webrtc_recording.wav,1.7380,2.3910,1.7360,1.7860
979a4b81-8f31-4514-a46a-322c3f704f00,6990a1fd-d674-48d6-94e4-5cfbc507dd05,2026-04-08 10:42:41.999297+05:30,device,webrtc_recording.wav,1.3900,1.9950,1.4000,1.4250
492089f9-6aeb-4f2e-839e-b4b24e914603,3e69b008-e853-47ae-97af-6c37d6f57e79,2026-04-07 13:14:20.303285+05:30,device,webrtc_recording.wav,1.1070,1.0520,1.0840,
38ac4074-d7b0-44e5-8813-06b181564bd2,89054a73-b8d0-47a7-ac47-3dfb053a9d4d,2026-04-07 12:57:19.251675+05:30,device,webrtc_recording.wav,1.1130,1.0500,1.0970,
506639b7-fd87-42e3-be7a-3218f081256d,947ea741-7c8b-4695-9c52-8bbef4c447d5,2026-04-06 22:58:01.176046+05:30,device,webrtc_recording.wav,1.1020,1.0460,1.0860,
8b73a7ca-58dd-4c3d-8bf6-a7c10db298b4,ee86070b-5c2d-4fed-accf-e544393cdb07,2026-04-06 20:18:04.075516+05:30,device,webrtc_recording.wav,1.0280,1.0250,1.0280,
7541b155-bd94-4dac-8823-b1596bf29c49,7b314963-c005-4373-b4e4-c8af3c5212a7,2026-04-06 19:03:24.854790+05:30,device,webrtc_recording.wav,1.0330,1.0320,1.0330,
ee2a12e4-1978-488d-8ee3-26e550a26eb3,b9358154-dbc4-4d4e-a3bc-7d5d4863c20a,2026-04-06 18:37:56.350904+05:30,device,webrtc_recording.wav,1.0440,1.0400,1.0440,
3c946a48-f796-4fee-ae4e-a75ef4600b7f,c7f1cdd9-96f5-45ce-b330-c6cb75203089,2026-04-06 17:38:41.851009+05:30,device,webrtc_recording.wav,1.0730,1.0480,1.0750,
451b48a1-37f6-4473-8793-d4ca5f3dc49b,,2026-04-06 16:20:09.982848+05:30,device,webrtc_recording.wav,1.0590,1.0240,1.0510,
e48a4b49-b997-4bb6-a36d-3835e50ca434,559377b4-6638-44e0-843d-1e0aaa408e0b,2026-04-06 16:13:02.457308+05:30,device,webrtc_recording.wav,1.0560,1.0380,1.0550,
ca550719-165b-4175-ae5a-b6dfbc2a2d68,9cbf2dea-51c1-45b0-899c-795c39b227be,2026-04-06 16:08:55.284783+05:30,device,webrtc_recording.wav,1.0450,1.0310,1.0380,
a99b7e24-d951-4ce7-8528-2c3248b06ee0,e48c5727-a899-45e0-8cab-ccdb51821589,2026-04-06 15:43:36.857904+05:30,device,webrtc_recording.wav,1.0550,1.0520,1.0520,
3f31ecb3-c952-45ef-bc1a-90d78fc5da8b,f6b6b5b8-8a94-4261-b664-2aa8460da679,2026-04-06 15:13:18.435366+05:30,device,webrtc_recording.wav,1.0540,1.0340,1.0530,
671c9be7-25f7-4ad8-a971-76c4e3a8ff30,24c8cbef-a326-442d-9611-490245fdaaa2,2026-04-06 13:15:41.262276+05:30,device,webrtc_recording.wav,1.0880,1.0450,1.0840,
7d96fc06-1067-41d7-b2d1-ed430f6d317e,24c8cbef-a326-442d-9611-490245fdaaa2,2026-04-06 13:10:44.813957+05:30,device,webrtc_recording.wav,1.0970,1.0420,1.0900,
6cc2836c-a367-4826-aa3a-7b752703d53d,7386c532-eb6f-4923-b0ed-a6417c66e461,2026-04-06 12:57:56.631886+05:30,device,webrtc_recording.wav,,,,
9c321747-5d8c-44c1-98c5-390320428423,8b881ab0-e2d5-4887-a5b0-edf109642ac2,2026-04-06 11:45:17.026242+05:30,device,webrtc_recording.wav,1.0340,1.0300,1.0350,
fa863d1f-1da2-4570-98c4-8e744cb61b72,98c4183d-f367-4578-92bc-8812a1559ac9,2026-04-05 12:59:18.025554+05:30,device,webrtc_recording.wav,1.0440,1.0280,1.0410,
ec6b77e1-3480-41b6-bca3-9694cb5bb5d9,f68fee3f-6ff0-4c39-8ad6-4216ce23db36,2026-04-05 12:56:06.477104+05:30,device,webrtc_recording.wav,,,,
e4d820e9-a317-4a8d-9996-3963112db5d0,d94ed196-a1cd-499d-b26b-6eb51896b902,2026-04-05 11:20:52.042207+05:30,device,webrtc_recording.wav,1.0310,1.0300,1.0300,
2c8cd4fc-3d8b-46b8-884a-c68ec5ece036,bf08dbfc-3e69-49de-9d8a-f2595fb10620,2026-04-05 01:35:53.467147+05:30,device,webrtc_recording.wav,1.0280,1.0210,1.0240,
ccba8a37-3080-4627-bd24-baae653c7088,7f45cee4-675d-4ec0-a86d-988194047c77,2026-04-05 01:32:34.919458+05:30,device,webrtc_recording.wav,1.0360,1.0220,1.0290,
