user_id,device_id,age_group,phone_condition,phone_duration,phone_history,primary_usage,internet_frequency,phone_sharing,internet_connection_type,phone_acquisition
User 1,Device 1,25–34,New (purchased first-hand),Less than 6 months,"Yes, mostly used/second-hand phones","Payments/financial apps, Accessing government services, Calls and messaging, Work or business",Rarely,Shared with non-family members,Both equally,Bought by family
User 2,Device 2,55+,New (purchased first-hand),2–3 years,"Yes, mostly new phones","Calls and messaging, Social media, Entertainment (videos/music/games)",Daily,Only me,Wi-Fi,Bought by family
User 3,Device 3,Prefer not to say,New (purchased first-hand),2–3 years,"Yes, mostly used/second-hand phones","Accessing government services, Social media",Almost all the time,Shared with family members,Wi-Fi,Received as a gift
User 4,Device 4,18–24,New (purchased first-hand),6–12 months,"Yes, mostly new phones","Social media, Calls and messaging, Education/learning, Payments/financial apps, Entertainment (videos/music/games)",Daily,Only me,Both equally,Bought by me
User 5,Device 5,25–34,New (purchased first-hand),1–2 years,"Yes, mostly new phones","Calls and messaging, Social media, Entertainment (videos/music/games), Work or business, Payments/financial apps",Almost all the time,Only me,Both equally,Bought by me
User 6,Device 6,18–24,New (purchased first-hand),More than 3 years,"Yes, mostly new phones","Calls and messaging, Social media, Entertainment (videos/music/games), Payments/financial apps, Education/learning",Daily,Only me,Mobile data,Bought by family
User 7,Device 7,18–24,New (purchased first-hand),1–2 years,"No, this is my first phone","Calls and messaging, Social media, Entertainment (videos/music/games), Payments/financial apps",Daily,Only me,Rarely use internet,Bought by family
User 8,Device 8,18–24,Used (purchased second-hand),2–3 years,"Yes, a mix","Entertainment (videos/music/games), Payments/financial apps, Calls and messaging, Social media, Education/learning",Almost all the time,Only me,Both equally,Bought by family
User 9,Device 9,18–24,New (purchased first-hand),More than 3 years,"Yes, mostly new phones",Social media,Daily,Shared with family members,Mobile data,Bought by family
User 10,Device 10,18–24,Used (purchased second-hand),More than 3 years,"Yes, mostly new phones",Education/learning,Almost all the time,Only me,Wi-Fi,Bought by family
User 11,Device 11,35–44,New (purchased first-hand),More than 3 years,"Yes, mostly new phones","Social media, Payments/financial apps, Work or business",Daily,Only me,Both equally,Bought by me
User 12,Device 12,45–54,Hand-me-down (from family/friends),1–2 years,"Yes, a mix","Calls and messaging, Payments/financial apps",Daily,Shared with family members,Mobile data,Bought by family
User 13,Device 13,Prefer not to say,Hand-me-down (from family/friends),Less than 6 months,"No, this is my first phone","Calls and messaging, Social media, Entertainment (videos/music/games), Work or business, Education/learning, Accessing government services, Payments/financial apps",Daily,Shared with family members,Both equally,Bought by family
User 14,Device 14,35–44,Used (purchased second-hand),1–2 years,"Yes, mostly used/second-hand phones","Work or business, Calls and messaging, Payments/financial apps",Almost all the time,Only me,Both equally,Bought by me
User 15,Device 15,35–44,New (purchased first-hand),2–3 years,"Yes, mostly new phones","Social media, Calls and messaging, Payments/financial apps",Daily,Shared with family members,Mobile data,Bought by family
User 16,Device 16,25–34,New (purchased first-hand),Less than 6 months,"Yes, mostly new phones","Calls and messaging, Social media, Entertainment (videos/music/games), Accessing government services",Daily,Only me,Wi-Fi,Bought by me
User 17,Device 17,25–34,Used (purchased second-hand),2–3 years,"Yes, a mix","Work or business, Calls and messaging, Social media, Entertainment (videos/music/games), Education/learning",Daily,Only me,Wi-Fi,Bought by me
User 18,Device 18,Under 18,Hand-me-down (from family/friends),Less than 6 months,"No, this is my first phone",Calls and messaging,A few times a week,Shared with family members,Both equally,Bought by family
User 19,Device 19,18–24,New (purchased first-hand),6–12 months,"Yes, mostly new phones","Calls and messaging, Social media, Entertainment (videos/music/games), Education/learning, Payments/financial apps",Almost all the time,Only me,Mobile data,Bought by me
User 20,Device 20,25–34,New (purchased first-hand),More than 3 years,"Yes, mostly new phones","Calls and messaging, Social media, Entertainment (videos/music/games), Payments/financial apps",Almost all the time,Only me,Both equally,Bought by me
User 21,Device 21,45–54,New (purchased first-hand),2–3 years,"Yes, mostly new phones","Calls and messaging, Social media, Entertainment (videos/music/games), Work or business, Education/learning, Payments/financial apps",Almost all the time,Only me,Both equally,Bought by me
User 22,Device 22,55+,New (purchased first-hand),6–12 months,"Yes, a mix","Calls and messaging, Social media, Entertainment (videos/music/games), Work or business, Education/learning, Accessing government services, Payments/financial apps",Almost all the time,Only me,Mobile data,Bought by me
User 23,Device 23,55+,New (purchased first-hand),More than 3 years,"No, this is my first phone","Education/learning, Work or business",Almost all the time,Shared with family members,Mobile data,Bought by me
User 24,Device 24,18–24,New (purchased first-hand),More than 3 years,"Yes, mostly new phones","Calls and messaging, Social media, Entertainment (videos/music/games), Work or business, Education/learning, Accessing government services, Payments/financial apps",Daily,Shared with family members,Wi-Fi,Bought by family
User 25,Device 25,35–44,New (purchased first-hand),6–12 months,"Yes, mostly new phones","Calls and messaging, Entertainment (videos/music/games), Work or business, Education/learning, Accessing government services, Payments/financial apps",Almost all the time,Only me,Both equally,Bought by me
User 26,Device 26,25–34,New (purchased first-hand),More than 3 years,"Yes, a mix","Calls and messaging, Social media, Entertainment (videos/music/games), Education/learning, Payments/financial apps",Daily,Only me,Wi-Fi,Bought by family
User 27,Device 27,18–24,New (purchased first-hand),Less than 6 months,"Yes, mostly new phones","Calls and messaging, Social media, Entertainment (videos/music/games), Work or business, Education/learning, Accessing government services, Payments/financial apps",Almost all the time,Only me,Both equally,Bought by family
User 28,Device 28,Prefer not to say,Hand-me-down (from family/friends),2–3 years,"Yes, a mix",Accessing government services,A few times a week,Shared with family members,Both equally,Bought by family
User 29,Device 29,Prefer not to say,Hand-me-down (from family/friends),More than 3 years,"No, this is my first phone",Payments/financial apps,Almost all the time,Shared with non-family members,Rarely use internet,Received as a gift
User 30,Device 30,35–44,New (purchased first-hand),1–2 years,"Yes, mostly new phones","Calls and messaging, Social media, Entertainment (videos/music/games), Work or business, Education/learning, Payments/financial apps",Almost all the time,Only me,Mobile data,Bought by me
User 31,Device 31,25–34,New (purchased first-hand),1–2 years,"Yes, mostly new phones","Calls and messaging, Social media, Entertainment (videos/music/games), Accessing government services, Payments/financial apps",Daily,Only me,Mobile data,Bought by me
User 32,Device 32,35–44,Used (purchased second-hand),2–3 years,"Yes, a mix","Calls and messaging, Social media, Entertainment (videos/music/games)",Almost all the time,Shared with family members,Mobile data,Bought by me
User 33,Device 33,18–24,New (purchased first-hand),1–2 years,"Yes, mostly new phones","Education/learning, Work or business, Entertainment (videos/music/games), Calls and messaging, Social media, Payments/financial apps, Accessing government services",Daily,Only me,Mobile data,Bought by me
User 34,Device 34,18–24,New (purchased first-hand),1–2 years,"Yes, mostly used/second-hand phones",Education/learning,Daily,Only me,Both equally,Bought by me
User 35,Device 35,45–54,Hand-me-down (from family/friends),More than 3 years,"Yes, mostly new phones","Calls and messaging, Social media, Entertainment (videos/music/games), Work or business, Education/learning, Accessing government services, Payments/financial apps",Almost all the time,Only me,Both equally,Bought by family
User 36,Device 36,18–24,New (purchased first-hand),Less than 6 months,"Yes, mostly used/second-hand phones",Calls and messaging,Daily,Only me,Wi-Fi,Bought by family
User 37,Device 37,18–24,Used (purchased second-hand),1–2 years,"Yes, mostly new phones",Education/learning,Daily,Only me,Mobile data,Bought by family
User 38,Device 38,18–24,New (purchased first-hand),1–2 years,"Yes, mostly used/second-hand phones",Calls and messaging,Daily,Only me,Wi-Fi,Bought by family
User 39,Device 39,18–24,New (purchased first-hand),2–3 years,"Yes, mostly new phones","Calls and messaging, Social media, Entertainment (videos/music/games), Education/learning, Payments/financial apps, Accessing government services",Daily,Only me,Both equally,Bought by me
User 40,Device 40,18–24,New (purchased first-hand),1–2 years,"Yes, mostly used/second-hand phones","Social media, Calls and messaging",Daily,Only me,Wi-Fi,Bought by family
User 41,Device 41,35–44,New (purchased first-hand),2–3 years,"Yes, mostly new phones","Calls and messaging, Social media, Work or business, Payments/financial apps, Entertainment (videos/music/games), Education/learning, Accessing government services",Daily,Only me,Mobile data,Bought by me
User 42,Device 42,18–24,Hand-me-down (from family/friends),More than 3 years,"Yes, a mix","Calls and messaging, Social media, Entertainment (videos/music/games), Work or business, Education/learning, Accessing government services, Payments/financial apps",Almost all the time,Only me,Both equally,Bought by family
User 43,Device 43,18–24,New (purchased first-hand),2–3 years,"Yes, mostly new phones","Calls and messaging, Social media, Work or business, Payments/financial apps, Education/learning, Accessing government services",Daily,Only me,Both equally,Bought by family
User 44,Device 44,18–24,New (purchased first-hand),2–3 years,"Yes, mostly new phones",,Almost all the time,Only me,Both equally,Bought by family
User 45,Device 45,18–24,New (purchased first-hand),1–2 years,"Yes, mostly used/second-hand phones","Calls and messaging, Entertainment (videos/music/games), Social media, Education/learning, Payments/financial apps",Almost all the time,Only me,Mobile data,Bought by me
User 46,Device 46,18–24,Used (purchased second-hand),1–2 years,"No, this is my first phone",Education/learning,A few times a week,Shared with family members,Both equally,Bought by me
User 47,Device 47,18–24,New (purchased first-hand),2–3 years,"Yes, a mix","Social media, Entertainment (videos/music/games), Payments/financial apps, Education/learning, Calls and messaging, Accessing government services",Almost all the time,Only me,Mobile data,Bought by family
User 48,Device 48,Prefer not to say,Hand-me-down (from family/friends),1–2 years,,Payments/financial apps,Daily,Shared with family members,Rarely use internet,Received as a gift
User 49,Device 49,18–24,New (purchased first-hand),1–2 years,"Yes, mostly used/second-hand phones","Calls and messaging, Social media, Entertainment (videos/music/games), Work or business, Education/learning, Accessing government services, Payments/financial apps",Almost all the time,Only me,Both equally,Bought by family
User 50,Device 50,25–34,Hand-me-down (from family/friends),More than 3 years,"No, this is my first phone","Calls and messaging, Social media, Entertainment (videos/music/games), Payments/financial apps",Daily,Only me,Mobile data,Bought by family
User 51,Device 51,Under 18,New (purchased first-hand),6–12 months,"No, this is my first phone","Calls and messaging, Social media, Entertainment (videos/music/games), Education/learning",Almost all the time,Only me,Mobile data,Bought by family
User 52,Device 52,Under 18,Used (purchased second-hand),6–12 months,"Yes, mostly new phones","Calls and messaging, Social media, Entertainment (videos/music/games), Education/learning, Work or business, Accessing government services, Payments/financial apps",Almost all the time,Only me,Both equally,Bought by family
User 53,Device 53,35–44,New (purchased first-hand),6–12 months,"Yes, mostly new phones","Calls and messaging, Social media",Daily,Only me,Wi-Fi,Bought by me
User 54,Device 54,18–24,New (purchased first-hand),6–12 months,"Yes, a mix","Social media, Entertainment (videos/music/games), Work or business, Education/learning, Accessing government services, Payments/financial apps",Almost all the time,Only me,Wi-Fi,Bought by family
User 55,Device 55,18–24,New (purchased first-hand),1–2 years,"Yes, mostly new phones","Work or business, Education/learning, Payments/financial apps, Calls and messaging, Social media, Entertainment (videos/music/games)",Almost all the time,Only me,Both equally,Bought by family
User 56,Device 56,35–44,New (purchased first-hand),Less than 6 months,"Yes, mostly new phones","Calls and messaging, Entertainment (videos/music/games), Payments/financial apps, Social media, Accessing government services",Almost all the time,Only me,Both equally,Bought by me
User 57,Device 57,18–24,New (purchased first-hand),Less than 6 months,"Yes, a mix","Calls and messaging, Social media, Entertainment (videos/music/games), Work or business, Education/learning, Accessing government services, Payments/financial apps",,Only me,Mobile data,Bought by me
User 58,Device 58,25–34,New (purchased first-hand),Less than 6 months,"Yes, mostly new phones","Calls and messaging, Social media, Entertainment (videos/music/games), Work or business, Education/learning, Accessing government services, Payments/financial apps",Almost all the time,Only me,Mobile data,Bought by me
User 59,Device 59,25–34,New (purchased first-hand),More than 3 years,"Yes, mostly new phones","Calls and messaging, Social media, Entertainment (videos/music/games), Payments/financial apps",Almost all the time,Only me,Mobile data,Bought by me
User 60,Device 60,35–44,New (purchased first-hand),6–12 months,"Yes, mostly new phones",Calls and messaging,Almost all the time,Shared with family members,Mobile data,Bought by me
User 61,Device 61,,,,,,,,,
User 62,Device 62,18–24,Used (purchased second-hand),Less than 6 months,"Yes, mostly used/second-hand phones","Calls and messaging, Social media, Entertainment (videos/music/games), Work or business, Education/learning, Accessing government services, Payments/financial apps",Daily,Only me,Mobile data,Bought by me
User 63,Device 63,18–24,Used (purchased second-hand),6–12 months,"Yes, mostly used/second-hand phones","Calls and messaging, Social media, Entertainment (videos/music/games)",Almost all the time,Only me,Mobile data,Bought by me
User 64,Device 64,25–34,New (purchased first-hand),1–2 years,"Yes, a mix","Calls and messaging, Social media, Entertainment (videos/music/games), Education/learning, Work or business",Daily,Shared with family members,Both equally,Bought by me
User 65,Device 65,25–34,New (purchased first-hand),More than 3 years,"Yes, mostly new phones","Calls and messaging, Work or business, Payments/financial apps, Social media",Daily,Only me,Mobile data,Bought by me
User 66,Device 66,18–24,New (purchased first-hand),2–3 years,"Yes, mostly new phones","Entertainment (videos/music/games), Social media, Calls and messaging, Payments/financial apps, Work or business",Almost all the time,Only me,Mobile data,Bought by me
User 67,Device 67,18–24,New (purchased first-hand),2–3 years,"Yes, a mix","Calls and messaging, Social media, Entertainment (videos/music/games), Education/learning, Payments/financial apps",Almost all the time,Only me,Both equally,Bought by family
User 68,Device 68,35–44,New (purchased first-hand),Less than 6 months,"Yes, mostly new phones",Calls and messaging,Almost all the time,Only me,Both equally,Bought by me
User 69,Device 69,25–34,New (purchased first-hand),2–3 years,"Yes, a mix","Calls and messaging, Social media, Education/learning",Almost all the time,Only me,Both equally,Bought by me
User 70,Device 70,25–34,New (purchased first-hand),More than 3 years,"Yes, mostly new phones","Calls and messaging, Education/learning, Payments/financial apps",Daily,Only me,Mobile data,Bought by me
User 71,Device 71,25–34,New (purchased first-hand),2–3 years,"Yes, a mix","Calls and messaging, Entertainment (videos/music/games), Social media, Work or business, Accessing government services, Payments/financial apps, Education/learning",Almost all the time,Only me,Mobile data,Bought by family
User 72,Device 72,Under 18,New (purchased first-hand),Less than 6 months,"Yes, mostly new phones","Calls and messaging, Social media",Rarely,Only me,Mobile data,Bought by me
User 73,Device 73,25–34,New (purchased first-hand),1–2 years,"Yes, a mix","Calls and messaging, Social media, Entertainment (videos/music/games), Work or business, Education/learning, Payments/financial apps",Daily,Shared with family members,Both equally,Bought by me
User 74,Device 74,18–24,New (purchased first-hand),6–12 months,"Yes, mostly used/second-hand phones",Entertainment (videos/music/games),Daily,Shared with family members,Mobile data,Received as a gift
User 75,Device 75,35–44,New (purchased first-hand),More than 3 years,"Yes, a mix","Calls and messaging, Social media, Entertainment (videos/music/games), Work or business, Education/learning, Payments/financial apps",Almost all the time,Only me,Both equally,Received as a gift
User 76,Device 76,18–24,Hand-me-down (from family/friends),More than 3 years,"Yes, mostly new phones",Calls and messaging,Almost all the time,Only me,Both equally,Bought by family
