id,session_id,created_at,filename,file_size_bytes,vmaf_score,status
8336d79f-95a2-4f0f-abed-906e1406176c,f402c136-48d9-4d7e-b269-8bd55dd50bbb,2026-06-19 12:13:29.560770+05:30,distorted_video.mp4,13234772,4.3169,completed
f85fd3b4-a0bc-4cd5-a3fa-1495ce2e722d,bea560bc-d077-4e0c-97c8-f1191d19a842,2026-06-19 11:31:38.184049+05:30,distorted_video.mp4,12086312,70.8777,completed
2ce82d3f-46e1-4812-ad51-7035e4f31536,,2026-06-19 11:18:17.374588+05:30,distorted_video.mp4,13020709,51.4658,completed
aab6ba85-0fe3-4086-b350-57db03a21d2b,b6945436-3908-479a-8186-406ee4abeaf9,2026-06-19 10:30:12.821406+05:30,distorted_video.mp4,10404307,59.1166,completed
271d32e3-ba65-4db6-b0e9-d836d07bf9c6,032d7e6a-4afb-4b12-85f9-ea6ec447bf1b,2026-06-19 10:15:00.577205+05:30,distorted_video.mp4,24126194,0.0000,completed
92d36637-fcb7-4067-9102-829a885a097d,f4ff1fe7-03c5-4efb-9582-95fe55de4d5b,2026-06-19 09:51:40.135625+05:30,distorted_video.mp4,5885826,0.0000,completed
30835ead-5db8-4b5f-9758-33c152e0a654,fdd335a9-40f0-4eb4-b93b-062a159a094a,2026-06-19 09:47:11.653338+05:30,distorted_video.mp4,157954,0.0000,completed
25a871b5-ddfb-4c62-a8a3-303e246560a1,4811dfd7-977a-4a73-b8cd-d124d50c6e54,2026-06-19 09:44:10.558297+05:30,distorted_video.mp4,17990099,60.3336,completed
6afe71bf-8c77-4781-968a-34d899722929,f7bfee21-f834-4d16-9a6f-79c0b0c7afe4,2026-06-19 09:40:52.095637+05:30,distorted_video.mp4,13580509,81.5069,completed
46d2715d-1965-4ac3-8f4e-8aec38cfad4c,86c270d9-e0b0-46e2-9c65-acd95bc55802,2026-06-19 09:15:40.433647+05:30,distorted_video.mp4,13396520,65.2682,completed
b13ac080-c500-4b83-9ce3-3f6a9b3b5395,bd51fbc2-1cf3-422a-b3c0-c481f7ea8582,2026-06-19 08:59:32.666010+05:30,distorted_video.mp4,2627139,0.0030,completed
ff275f7f-3140-4aa4-aeb8-6e0eade6c531,180965ba-7189-49f9-9ca1-051511072cd6,2026-06-19 08:38:52.010149+05:30,distorted_video.mp4,11011863,60.9635,completed
2c72340c-9f9a-43d2-976f-f70a8c555642,be913731-fa13-4262-9789-64adccfadd6c,2026-06-18 15:05:24.838010+05:30,distorted_video.mp4,360998,1.2307,completed
703d4333-7bc5-4ee2-9672-3377c5347fe1,99c514cc-0d76-4580-85c3-e08fdea6da6a,2026-06-13 02:13:14.961915+05:30,distorted_video.mp4,13443566,60.0355,completed
b7b05fab-3746-4c18-b7ff-796b49b8e5bc,65c84732-2850-4738-bca2-a544db1c1f02,2026-06-13 02:06:21.520343+05:30,distorted_video.mp4,24640974,81.5864,completed
6ea42f6e-9c2b-4055-8366-50ece372e13d,60713492-7f7e-4936-9e0e-4c70a56f6cc6,2026-06-13 02:05:59.528983+05:30,distorted_video.mp4,4200115,73.1835,completed
442a6783-4b76-4893-9fc8-532e20759860,a35426a9-4046-4623-9c37-82ddd6c3c132,2026-05-28 13:42:59.736019+05:30,distorted_video.mp4,24850943,65.6967,completed
0b8b0501-065f-4aa6-b96a-ea076e0e9947,ea1d7fb8-bbf5-4669-89ee-acba95552c6f,2026-05-22 00:03:06.149964+05:30,distorted_video.mp4,45791142,62.8929,completed
eb1cb78b-52e0-4eed-8f55-aad22e72eb14,344103e2-2694-4787-902c-275e7afc272e,2026-05-14 22:34:56.673847+05:30,distorted_video.mp4,414483,0.0000,completed
cac34efa-e0a1-4984-9ae7-5710dd62e093,924ca77b-7579-4d3d-b3c6-639cc1f7526a,2026-05-12 14:44:36.239817+05:30,distorted_video.mp4,5445020,1.1953,completed
3e2665d3-e959-476c-b1bb-f162482224be,81fd31af-921b-4fcd-96a3-ea6f07ba5016,2026-05-12 14:41:39.253876+05:30,distorted_video.mp4,5728544,1.0133,completed
645ca39b-4c4e-4e57-b4e2-064f5f7ac1f7,42149623-7bb5-48de-901d-2b889dd14739,2026-05-11 12:13:39.424136+05:30,distorted_video.mp4,21388999,0.0000,completed
aca3b1d1-275e-4595-a3ac-ace47281bf7d,81c6a68f-fe71-470a-bfd9-1a4a4ac97eb4,2026-05-11 12:03:36.586036+05:30,distorted_video.mp4,7048422,0.1368,completed
454bcf00-319a-488b-bd73-b94767bc30ce,bdc7c326-ac31-47c8-ad66-f146e4d3d972,2026-05-11 12:03:14.938890+05:30,distorted_video.mp4,13042733,41.9749,completed
5d544cde-6e91-4e45-ab53-fa98984a2b69,d700b196-02bd-4eb1-9a06-0723fe920b94,2026-05-11 11:59:39.994986+05:30,distorted_video.mp4,13029487,66.8396,completed
c48b6531-59ed-4e87-9aaa-21ffe1b4329e,7b65f0af-2ca1-4e7a-a322-a6d0cdec48d5,2026-04-17 23:39:46.452201+05:30,distorted_video.mp4,13019387,53.2632,completed
fd76ef23-7254-4e00-98ef-ef18d62271eb,c66ab190-219a-4631-be93-711a9d479022,2026-04-11 14:24:33.749052+05:30,distorted_video.mp4,24431465,66.6164,completed
df6d479f-b49a-4fe2-85d9-4a3d077ea020,1e7ba624-a5c7-4304-8d65-df6cbd4a175f,2026-04-11 14:14:04.680047+05:30,distorted_video.mp4,13425663,59.8772,completed
cd582004-a505-46a5-ae2c-a863c753407c,0def364a-72c3-4c06-8708-7f9b7100816a,2026-04-11 13:38:47.076013+05:30,distorted_video.mp4,15777024,64.0331,completed
2fe2c605-fb16-4e5e-85b6-a97a87f0e760,58b9ca61-b6c9-4e38-a1f2-905595ee6f67,2026-04-11 13:35:32.748835+05:30,distorted_video.mp4,15806025,67.1300,completed
46a04cf0-5eeb-4a99-b0b5-5503289d547b,58b9ca61-b6c9-4e38-a1f2-905595ee6f67,2026-04-11 13:31:00.245129+05:30,distorted_video.mp4,3288,,failed
c242ecf6-8bc7-4e20-8283-f1c1d5ceb9ec,a92c7eb7-3993-4b8d-98f6-e10af152437f,2026-04-11 13:30:25.857051+05:30,distorted_video.mp4,14484199,44.3493,completed
b2d8ed04-179c-4663-9690-e3b0464bcfbe,7b883cfa-728f-4155-9a7b-23d47706dd07,2026-04-11 13:27:29.185761+05:30,distorted_video.mp4,10731543,45.8451,completed
cc55e06b-3aa5-499a-8bf2-cf2cd78b319d,4534d633-931c-4764-b48e-1d2561e7d765,2026-04-11 13:22:49.090725+05:30,distorted_video.mp4,24291562,0.0000,completed
262fa8a9-8b66-4ebf-9532-d73151cb55a6,a21828af-33ef-4266-b10c-7168bbb42942,2026-04-11 13:20:40.138269+05:30,distorted_video.mp4,13351517,64.0260,completed
f41ec514-644d-4098-8be2-7fd4e69df75e,e546e78d-e59d-4d9b-8d98-9bde99b7f240,2026-04-11 13:17:17.918552+05:30,distorted_video.mp4,9932670,42.2560,completed
0e2e9cb2-3ec0-4b82-9af2-5300c1f2af25,4bcbdd44-ca83-4766-b7c5-ad3c89f17361,2026-04-11 13:13:49.298976+05:30,distorted_video.mp4,13690544,67.0252,completed
c3f8a88f-b71f-43e5-8848-bdc7b934fa40,24231cce-0f78-4be2-aeb5-5c1af82f4bb7,2026-04-11 13:02:44.000502+05:30,distorted_video.mp4,23836889,81.3657,completed
acdafdb2-8ee0-4d95-b6b9-83e5f3aaae8c,09e3c01a-2c68-4321-bdc3-bd0d34f1d01e,2026-04-11 12:59:05.840529+05:30,distorted_video.mp4,13180729,60.2625,completed
190634c3-5dba-4e1a-b58e-277a34cd3357,b7e2353f-0dae-41f3-94e6-75c24005b1f4,2026-04-11 12:58:49.943336+05:30,distorted_video.mp4,15686332,73.0350,completed
5939f9e2-03cc-4768-87e0-ff8474f5b36c,94d87768-7355-469b-be35-21657d674efb,2026-04-11 12:51:32.264286+05:30,distorted_video.mp4,10766655,55.6010,completed
841997f7-b187-4d85-9c11-802d7814db68,d50213f9-92f7-49d4-81fe-2746f2cff490,2026-04-11 12:47:15.197248+05:30,distorted_video.mp4,15933749,58.0962,completed
47e4ed6d-ada8-4121-bca4-1b2ebfa4c145,b2d3160b-2f18-4c93-911b-c9ae03536a0a,2026-04-11 12:34:04.246610+05:30,distorted_video.mp4,1712253,71.2511,completed
704c4155-52a3-4546-8334-f3a5a48c8003,667f454f-a38a-4c43-bef5-6ca03e0966ce,2026-04-11 12:33:32.512183+05:30,distorted_video.mp4,11435098,0.0000,completed
bb48f0ef-43ec-4d71-a5b1-d9bfe0cc9d6a,8498641e-22ef-4b99-8d84-8d1a62ba8998,2026-04-11 12:31:13.688267+05:30,distorted_video.mp4,29140,41.4031,completed
1c949235-5299-40cf-bb98-e33e7e3eda6a,8498641e-22ef-4b99-8d84-8d1a62ba8998,2026-04-11 12:26:35.134146+05:30,distorted_video.mp4,3370,,failed
ee0728aa-fabb-44ab-804a-eecd1ee97722,8f892948-4e30-49ba-a341-9ccfffc194dc,2026-04-11 12:18:59.687708+05:30,distorted_video.mp4,23916044,48.3839,completed
2072f730-aeed-4932-a49f-a41e88545ed3,091145f9-479c-4cec-aa50-a8a0b8c2820d,2026-04-11 12:09:07.513360+05:30,distorted_video.mp4,11939818,54.8034,completed
921c9767-0486-497d-a50e-09919a743851,3594d776-a8e7-437d-b836-0263f91fdcca,2026-04-11 11:43:59.966447+05:30,distorted_video.mp4,12994640,51.8882,completed
d5e9a2a3-7fc7-4340-b612-fc656d5f796d,88d74970-8a57-434c-a175-24a1967d5e56,2026-04-11 10:53:39.351853+05:30,distorted_video.mp4,12690637,57.8455,completed
9a4a2868-770a-4a65-876b-f949357efba1,,2026-04-11 10:52:45.445495+05:30,distorted_video.mp4,5502,97.0419,completed
be14cd60-5986-44bf-985c-d9bb200ffa94,,2026-04-11 10:51:40.304802+05:30,distorted_video.mp4,13425881,48.4560,completed
e6303240-ea03-4f74-9db9-ce93c2d75ef0,99dfdb48-ecb5-4091-b5bd-d69946e41e88,2026-04-11 10:36:11.803232+05:30,distorted_video.mp4,15982634,45.1537,completed
d71788de-6e71-4554-970b-b05260dc8c24,ffe829a0-14a8-4c6d-9818-de9de84d91fb,2026-04-11 10:35:58.037370+05:30,distorted_video.mp4,12932737,51.8590,completed
8e99cf6b-d08d-4377-b639-5da69887c538,fcc1f050-75f7-4cb5-bc8f-9e60ff3d03bd,2026-04-11 10:09:18.777575+05:30,distorted_video.mp4,13058443,45.7726,completed
f2811558-bc15-4a96-abfe-d6426e2ae0ea,90128a07-935c-468a-8559-e900f9aa22c4,2026-04-11 08:41:10.718709+05:30,distorted_video.mp4,13085907,45.3903,completed
cc829169-4361-4aee-a6eb-0109fe62dbca,42d1fba9-194d-4706-8b55-02f068c9e5b8,2026-04-11 08:32:56.488331+05:30,distorted_video.mp4,13275175,74.0450,completed
d4f8611e-ec36-4c56-adde-e3d01c7a79dc,8d83eee2-1212-4444-8cdd-513516dcb34e,2026-04-11 08:24:12.090275+05:30,distorted_video.mp4,10380813,81.7050,completed
d28c0559-5e25-43e8-a6fe-fd64cf6c3da6,b25e20c7-b156-496f-9d72-8632344b01be,2026-04-11 00:16:55.884094+05:30,distorted_video.mp4,10324721,84.5961,completed
19117a11-fb05-4add-840e-2068dad43cc7,d2dce1ea-6ccf-4331-adcb-3ff169dbe821,2026-04-11 00:06:34.112715+05:30,distorted_video.mp4,10512720,78.6021,completed
0f0aa05f-2ebe-4bb5-9009-6f558a544d9a,7e38c81c-7f52-41dd-9572-37aab9e86290,2026-04-10 21:02:12.924543+05:30,distorted_video.mp4,14192134,62.5304,completed
8560fb87-a21e-4f08-87e1-67b39349c19d,35233cec-0ede-41df-9665-468821f6a866,2026-04-10 17:41:54.460628+05:30,distorted_video.mp4,12976973,56.8817,completed
210ad6ea-291d-4d47-a6e1-4023a6827888,b03c45a6-cdf1-4cb6-930a-cdedd65c3040,2026-04-10 17:33:32.398668+05:30,distorted_video.mp4,12973769,47.3496,completed
05ccedb1-1c91-4344-a951-c34f49e7a918,93cf0d0c-1d58-4e62-848c-c39c7e4dd420,2026-04-10 13:54:49.343221+05:30,distorted_video.mp4,13116671,49.7689,completed
80d062ce-29e5-4ff3-bf78-c9373ed53169,af6d06b5-68e2-41a5-b5b8-4ea2c9936789,2026-04-10 13:47:23.731900+05:30,distorted_video.mp4,13081335,52.8536,completed
5860d586-128f-4620-ab6f-6029b4048e4f,451a8764-3c88-476f-8341-0a1b3bd725bc,2026-04-10 09:05:33.912158+05:30,distorted_video.mp4,13048557,57.9542,completed
5e082c9c-8e52-4360-a2bd-bac26da03cd2,ef817d7a-6dc0-4ea8-8013-06061398f0c4,2026-04-10 08:38:45.232306+05:30,distorted_video.mp4,24355988,78.1080,completed
a550a274-4950-4588-a783-a62407f09515,7524cbb6-20c1-4243-9b6f-50c2606ba855,2026-04-09 22:49:19.728975+05:30,distorted_video.mp4,10383162,78.0781,completed
43f73ff4-552a-4f27-b0cc-8f737a40a790,5b4238d2-4245-4b0d-929a-81d3e7ab34e0,2026-04-09 21:10:56.278977+05:30,distorted_video.mp4,13062125,55.1321,completed
6128328b-c929-49a8-8b03-36a30693dcf7,8f189016-ba13-438a-9ea7-129c565b338e,2026-04-09 19:16:36.085243+05:30,distorted_video.mp4,12923541,49.7622,completed
e3e76bf5-8c3f-47ee-9975-48fe8fd93d00,cbda3848-8e8d-4e20-8dc0-41191e1de7fd,2026-04-09 19:09:35.544598+05:30,distorted_video.mp4,13005295,54.6650,completed
6a2b5c92-ccfa-4cea-ada2-52896cc089e0,0cb95eb4-015c-4c34-914c-d52ac9c55692,2026-04-08 13:45:15.378367+05:30,distorted_video.mp4,13051825,52.1655,completed
f1dfce91-5856-42ec-8c75-5832ba87631f,,2026-04-08 12:14:25.554856+05:30,distorted_video.mp4,13022225,52.0586,completed
6e1aaa95-6822-423c-9dfb-d44acad26032,7df1d022-a430-47d0-8050-7ecd7a0843b2,2026-04-08 01:35:25.583311+05:30,distorted_video.mp4,10459482,77.6159,completed
80d6be53-f5f7-4c89-aba4-498ef9c2674b,5bc836af-5079-440c-b0aa-00f35e540cd7,2026-04-08 01:02:20.240528+05:30,distorted_video.mp4,10139996,81.2013,completed
1b77ce36-9548-448e-b152-32867af00fee,3e69b008-e853-47ae-97af-6c37d6f57e79,2026-04-07 13:14:12.056740+05:30,distorted_video.mp4,13043171,50.0426,completed
ddff2f3e-1abc-4536-b257-258b252e4f66,89054a73-b8d0-47a7-ac47-3dfb053a9d4d,2026-04-07 12:59:35.629687+05:30,distorted_video.mp4,13122987,51.9195,completed
edc7785e-0a03-4ed6-bd8a-24cb440e747b,947ea741-7c8b-4695-9c52-8bbef4c447d5,2026-04-06 23:04:43.567874+05:30,distorted_video.mp4,13108289,58.1401,completed
8f77ec17-5f51-4a57-a468-014446599546,ee86070b-5c2d-4fed-accf-e544393cdb07,2026-04-06 20:17:28.078652+05:30,distorted_video.mp4,13930809,64.3187,completed
ca950508-10d6-474a-a3ba-dfd959629825,7b314963-c005-4373-b4e4-c8af3c5212a7,2026-04-06 19:02:37.322264+05:30,distorted_video.mp4,3232,,failed
95d78fe9-0aab-45e2-96d8-e724871bd5fe,b9358154-dbc4-4d4e-a3bc-7d5d4863c20a,2026-04-06 18:37:16.326994+05:30,distorted_video.mp4,10277111,82.3205,completed
838ba599-9969-4827-9397-ef01dc4d2031,c7f1cdd9-96f5-45ce-b330-c6cb75203089,2026-04-06 17:37:58.312527+05:30,distorted_video.mp4,13249082,71.3508,completed
03f52e5d-2033-4a46-afc9-deb9eb5f9225,,2026-04-06 16:19:33.207860+05:30,distorted_video.mp4,13823922,63.1923,completed
f92c32d7-6367-4e4d-b454-17e46e4540e1,559377b4-6638-44e0-843d-1e0aaa408e0b,2026-04-06 16:12:42.229855+05:30,distorted_video.mp4,13121953,50.0781,completed
a36af68b-9335-4304-9ece-04107920d853,9cbf2dea-51c1-45b0-899c-795c39b227be,2026-04-06 16:08:36.339922+05:30,distorted_video.mp4,13852306,60.4050,completed
77419e83-7159-406e-9a00-824578d72387,e48c5727-a899-45e0-8cab-ccdb51821589,2026-04-06 15:43:09.207498+05:30,distorted_video.mp4,10210908,82.3045,completed
6f6d8b0f-2f43-4847-b8ee-5d3cf4ca6bde,f6b6b5b8-8a94-4261-b664-2aa8460da679,2026-04-06 15:14:48.448574+05:30,distorted_video.mp4,14108567,65.2425,pending
1555429e-dae7-4abf-aa30-c9cfbf9c27c0,24c8cbef-a326-442d-9611-490245fdaaa2,2026-04-06 13:17:50.168930+05:30,distorted_video.mp4,331901,77.6988,pending
fc64e41e-4b24-413d-a897-faf4d18bcc9b,adaa186d-a307-498a-9d62-2d3c5ad1cd4e,2026-04-06 13:15:45.068442+05:30,distorted_video.mp4,12881716,53.6639,pending
c5a095f1-1290-469b-8cf9-fa8f001f45ad,7386c532-eb6f-4923-b0ed-a6417c66e461,2026-04-06 13:01:22.620944+05:30,distorted_video.mp4,13146955,63.8572,pending
e179426d-63d1-4e0c-8f07-bf9931864754,8b881ab0-e2d5-4887-a5b0-edf109642ac2,2026-04-06 11:46:52.597604+05:30,distorted_video.mp4,10234385,62.3025,pending
7e144c34-bae3-4a70-90f9-ac5a29ecf7d0,98c4183d-f367-4578-92bc-8812a1559ac9,2026-04-05 13:01:44.448793+05:30,distorted_video.mp4,12909068,48.7754,pending
e766dac2-495b-4fc6-b154-418958d69ac8,f68fee3f-6ff0-4c39-8ad6-4216ce23db36,2026-04-05 12:57:48.588244+05:30,distorted_video.mp4,13140087,48.5341,pending
86ef599d-7f9e-430b-9764-d65021f6247b,d94ed196-a1cd-499d-b26b-6eb51896b902,2026-04-05 11:21:59.757940+05:30,distorted_video.mp4,10447139,83.3450,pending
29cf7de0-3dc5-4d1e-8d42-6da7f442e381,bf08dbfc-3e69-49de-9d8a-f2595fb10620,2026-04-05 01:37:01.604514+05:30,distorted_video.mp4,10548397,80.5583,pending
e15ca87c-3f52-45ef-8c99-af079ca324bc,7f45cee4-675d-4ec0-a86d-988194047c77,2026-04-05 01:33:44.623289+05:30,distorted_video.mp4,10285113,84.1903,pending
